Workbook

Sheet ОБЗОР
A1: PROJECT LAB / ПУЛЬТ КОМАНДЫ
A3: Все показатели относятся только к проекту внутри этого файла.
A5: Студия | B5: =КОМАНДА!B5 -> Газ ехала ехала Газ
A6: Проект | B6: =ПРОЕКТ!B6 -> IRSbese
A7: Участников | B7: =COUNTA(КОМАНДА!B10:B14) -> 5
A10: Всего задач | B10: Завершено | C10: В работе | D10: Заблокировано
A11: =COUNTIF(ЗАДАЧИ!C6:C125,"?*") -> 4 | B11: =COUNTIF(ЗАДАЧИ!F6:F125,"Готово") -> 0 | C11: =COUNTIF(ЗАДАЧИ!F6:F125,"В работе") -> 0 | D11: =COUNTIF(ЗАДАЧИ!F6:F125,"Заблокировано") -> 0
A14: ПРОГРЕСС ПО ЗАДАЧАМ
B15: =IF(A11=0,0,B11/A11) -> 0
A18: Плановые часы | B18: =SUM(ЗАДАЧИ!G6:G125) -> 7
A19: Фактические часы | B19: =SUM(ЗАДАЧИ!H6:H125) -> 0
A22: Завершено этапов | B22: =COUNTIF(ЭТАПЫ!D6:D23,"Готово") -> 2
A23: Всего этапов | B23: 18

Sheet КОМАНДА
A1: НАША КОМАНДА
A3: Заполните состав и роли. Один файл = одна команда.
A5: Название студии | B5: Газ ехала ехала Газ
A6: Код / номер команды
A7: Название проекта | B7: Интернет магазин
A9: № | B9: Участник | C9: Роль | D9: Зона ответственности | E9: Личная цель | F9: Комментарий
A10: 1 | B10: Никита Ковач | C10: Проджект мендежер
A11: 2 | B11: Кирилл Комаровских | C11: Бизнес аналитик
A12: 3 | B12: Андрей Валов | C12: QA cold тестеровшик
A13: 4 | B13: Дмитрий Празоров | C13: Разработчик
A14: 5 | B14: Леся Карасокова | C14: Дизайнеп
A17: ПРАВИЛО | B17: У каждого участника есть конкретные задачи; PM не выполняет работу за всех.

Sheet ПРОЕКТ
A1: ПАСПОРТ ПРОЕКТА
A3: На первом занятии заполняйте только известное. Остальное уточним позже.
A6: Название продукта | B6: IRSbese
A7: Краткая идея (1–2 предложения) | B7: Торговля между компаниями и пользователем
A8: Кто пользователь | B8: 12+
A9: Какую проблему решаем | B9: доступности и скорости доставки
A10: Основная ценность | B10: доступность
A11: MVP: функция 1 | B11: личный кабенет - регистрация, истроия закаов, (изучить веб апп на питончике)
A12: MVP: функция 2 | B12: оплата через Юкаса, Рекомендация продуктов, Корзина
A13: MVP: функция 3 | B13: функции добовления продовцов дизайн финальный
A14: Что НЕ входит в первую версию | B14: не оплата
A15: Предполагаемый заказчик | B15: для всех предпринимателей
A16: Критерий успеха | B16: выдержка большой нагружености
A17: Основные ограничения | B17: товары для взрослых
A18: Ссылка на макеты / документы

Sheet ЗАДАЧИ
A1: ТРЕКЕР ЗАДАЧ
A3: Голубые поля заполняет команда. Статус и приоритет выбираются из списка.
A5: ID | B5: Этап | C5: Задача / результат | D5: Ответственный | E5: Приоритет | F5: Статус | G5: План, ч | H5: Факт, ч | I5: Дата начала | J5: Дедлайн | K5: Комментарий / препятствие | L5: Готово, %
A6: T-001 | B6: Инициация | C6: Описать целевую аудиторию | E6: Высокий | F6: Не начато | G6: 2 | K6: Определить, для кого продукт | L6: =IF(C6="","",IF(F6="Готово",1,IF(F6="На проверке",0.8,IF(F6="В работе",0.4,0)))) -> 0
A7: T-002 | B7: Инициация | C7: Сформулировать проблему пользователя | E7: Высокий | F7: Не начато | G7: 1 | K7: Проблема должна быть конкретной | L7: =IF(C7="","",IF(F7="Готово",1,IF(F7="На проверке",0.8,IF(F7="В работе",0.4,0)))) -> 0
A8: T-003 | B8: Инициация | C8: Выбрать три функции MVP | E8: Высокий | F8: Не начато | G8: 2 | K8: Только необходимые функции | L8: =IF(C8="","",IF(F8="Готово",1,IF(F8="На проверке",0.8,IF(F8="В работе",0.4,0)))) -> 0
A9: T-004 | B9: Инициация | C9: Подготовить 5–7 вопросов заказчику | E9: Средний | F9: Не начато | G9: 2 | K9: У каждого участника хотя бы один вопрос | L9: =IF(C9="","",IF(F9="Готово",1,IF(F9="На проверке",0.8,IF(F9="В работе",0.4,0)))) -> 0
L10: =IF(C10="","",IF(F10="Готово",1,IF(F10="На проверке",0.8,IF(F10="В работе",0.4,0))))
L11: =IF(C11="","",IF(F11="Готово",1,IF(F11="На проверке",0.8,IF(F11="В работе",0.4,0))))
L12: =IF(C12="","",IF(F12="Готово",1,IF(F12="На проверке",0.8,IF(F12="В работе",0.4,0))))
L13: =IF(C13="","",IF(F13="Готово",1,IF(F13="На проверке",0.8,IF(F13="В работе",0.4,0))))
L14: =IF(C14="","",IF(F14="Готово",1,IF(F14="На проверке",0.8,IF(F14="В работе",0.4,0))))
L15: =IF(C15="","",IF(F15="Готово",1,IF(F15="На проверке",0.8,IF(F15="В работе",0.4,0))))
L16: =IF(C16="","",IF(F16="Готово",1,IF(F16="На проверке",0.8,IF(F16="В работе",0.4,0))))
L17: =IF(C17="","",IF(F17="Готово",1,IF(F17="На проверке",0.8,IF(F17="В работе",0.4,0))))
L18: =IF(C18="","",IF(F18="Готово",1,IF(F18="На проверке",0.8,IF(F18="В работе",0.4,0))))
L19: =IF(C19="","",IF(F19="Готово",1,IF(F19="На проверке",0.8,IF(F19="В работе",0.4,0))))
L20: =IF(C20="","",IF(F20="Готово",1,IF(F20="На проверке",0.8,IF(F20="В работе",0.4,0))))
L21: =IF(C21="","",IF(F21="Готово",1,IF(F21="На проверке",0.8,IF(F21="В работе",0.4,0))))
... L125: =IF(C125="","",IF(F125="Готово",1,IF(F125="На проверке",0.8,IF(F125="В работе",0.4,0))))

Sheet ЭТАПЫ
A1: ДОРОЖНАЯ КАРТА
A3: 18 занятий, контрольные результаты команды. Обновляйте статус после каждой пары.
A5: Пара | B5: Тема | C5: Что должно получиться | D5: Статус | E5: Ответственный | F5: Заметки
A6: 1 | B6: Старт проекта | C6: Команда, идея, стартовые задачи | D6: Готово | F6: Газз
A7: 2 | B7: Подходы к управлению | C7: Выбор процесса работы | D7: Готово | F7: Гибкий вариант
A8: 3 | B8: Требования | C8: Интервью с заказчиком | D8: В работе
A9: 4 | B9: Декомпозиция | C9: Бэклог и пользовательские истории | D9: Не начато
A10: 5 | B10: Оценка | C10: Трудозатраты | D10: Не начато
A11: 6 | B11: План-график | C11: Сроки и зависимости | D11: Не начато
A12: 7 | B12: Бюджет | C12: Смета проекта | D12: Не начато
A13: 8 | B13: MVP | C13: Приоритеты функций | D13: Не начато
A14: 9 | B14: Роли | C14: Матрица ответственности | D14: Не начато
A15: 10 | B15: Спринты | C15: План спринта | D15: Не начато
A16: 11 | B16: Трекер | C16: Доска задач | D16: Не начато
A17: 12 | B17: Коммуникации | C17: Протокол договорённостей | D17: Не начато
A18: 13 | B18: Риски | C18: Реестр рисков | D18: Не начато
A19: 14 | B19: Изменения | C19: Обновлённый план | D19: Не начато
... A23: 18 | B23: Защита | C23: Итоговая презентация | D23: Не начато

Sheet ИНСТРУКЦИЯ
A1: КАК РАБОТАТЬ С ФАЙЛОМ
A3: Один шаблон для одной команды. Не вносите сведения о других командах.
A5: ШАГ | B5: ГДЕ | C5: ДЕЙСТВИЕ
A6: 01 | B6: КОМАНДА | C6: Впишите название студии, пять имён, роли и личные зоны ответственности.
A7: 02 | B7: ПРОЕКТ | C7: Опишите пользователя, проблему и три функции MVP.
A8: 03 | B8: ЗАДАЧИ | C8: Каждой задаче назначьте одного ответственного, срок и статус.
A9: 04 | B9: ЭТАПЫ | C9: После каждой пары отмечайте результат этапа.
A10: 05 | B10: ОБЗОР | C10: Следите за количеством задач, загрузкой и прогрессом.
A11: ! | B11: ВАЖНО | C11: Изменяйте только поля для ввода. Не стирайте формулы в столбце «Готово, %».
